{

	"cube": {
		"vertices": [
			[  0.0000000,  0,  1.2247450 ], [  1.1547010,  0,  0.4082483 ],
			[ -0.5773503,  1,  0.4082483 ], [ -0.5773503, -1,  0.4082483 ],
			[  0.5773503,  1, -0.4082483 ], [  0.5773503, -1, -0.4082483 ],
			[ -1.1547010,  0, -0.4082483 ], [  0.0000000,  0, -1.2247450 ]
		],
		"edges": [
			[ 0, 1 ], [ 0, 2 ], [ 0, 3 ], [ 1, 4 ],
			[ 1, 5 ], [ 2, 4 ], [ 2, 6 ], [ 3, 5 ],
			[ 3, 6 ], [ 4, 7 ], [ 5, 7 ], [ 6, 7 ]
		],
		"faces": [
			[ 0, 1, 4, 2 ], [ 0, 2, 6, 3 ],
			[ 0, 3, 5, 1 ], [ 1, 5, 7, 4 ],
			[ 2, 4, 7, 6 ], [ 3, 6, 7, 5 ]
		]
	},

	"truncatedIcosidodecahedron": {
		"vertices": [
			[  0.00000000,	0.00000000, 1.008759000 ], [  0.26299220,  0.00000000, 0.973874000 ], [ -0.00462747,  0.26295150, 0.973874000 ],
			[ -0.22113630, -0.14235030, 0.973874000 ], [  0.25836470,  0.26295150, 0.938988600 ], [	 0.46738610, -0.14235030, 0.882542900 ],
			[ -0.23039130,	0.38355260, 0.904103300 ], [ -0.31595020, -0.37267800, 0.882542900 ], [ -0.44690010, -0.02174919, 0.904103300 ],
			[  0.45813120,	0.38355260, 0.812772200 ], [  0.53511040, -0.37267800, 0.769651500 ], [	 0.66715260, -0.02174919, 0.756326500 ],
			[ -0.33269260,	0.57868930, 0.756326500 ], [ -0.45152760,  0.24120230, 0.869217900 ], [ -0.54171400, -0.25207690, 0.812772200 ],
			[ -0.24822600, -0.60300570, 0.769651500 ], [  0.51836800,  0.57868930, 0.643435100 ], [	 0.66252520,  0.24120230, 0.721441200 ],
			[  0.73487680, -0.25207690, 0.643435100 ], [  0.44029650, -0.60300570, 0.678320500 ], [ -0.55382890,  0.43633900, 0.721441200 ],
			[ -0.27245570,	0.77382610, 0.586989400 ], [ -0.69975360, -0.36180340, 0.630110100 ], [ -0.04383203, -0.74535600, 0.678320500 ],
			[ -0.40626560, -0.71273220, 0.586989400 ], [  0.72276200,  0.43633900, 0.552104000 ], [	 0.41606670,  0.77382610, 0.495658300 ],
			[  0.83982940, -0.36180340, 0.425887600 ], [  0.21916010, -0.74535600, 0.643435100 ], [	 0.54524910, -0.71273220, 0.460773000 ],
			[ -0.71472840,	0.48912540, 0.517218700 ], [ -0.07268925,  0.89442720, 0.460773000 ], [ -0.43335530,  0.82661250, 0.382766900 ],
			[ -0.86065310, -0.30901700, 0.425887600 ], [ -0.63202940, -0.59213110, 0.517218700 ], [ -0.20187160, -0.85508250, 0.495658300 ],
			[  0.82485460,	0.48912540, 0.312996200 ], [  0.19030290,  0.89442720, 0.425887600 ], [	 0.51815940,  0.82661250, 0.256550500 ],
			[  0.94192210, -0.30901700, 0.186779800 ], [  0.74501560, -0.59213110, 0.334556600 ], [	 0.32411270, -0.85508250, 0.425887600 ],
			[ -0.87276790,	0.37939890, 0.334556600 ], [ -0.65449160,  0.68426210, 0.347881600 ], [ -0.23358880,  0.94721360, 0.256550500 ],
			[ -0.79292890, -0.53934470, 0.312996200 ], [ -0.96295440, -0.11388030, 0.278110900 ], [ -0.09691900, -0.96480910, 0.278110900 ],
			[  0.92980720,	0.37939890, 0.095448720 ], [  0.72255330,  0.68426210, 0.165219400 ], [	 0.29239560,  0.94721360, 0.186779800 ],
			[  0.84710820, -0.53934470, 0.095448720 ], [  1.00215900, -0.11388030, 0.017442680 ], [	 0.16607320, -0.96480910, 0.243225500 ],
			[ -0.81253110,	0.57453560, 0.165219400 ], [ -0.96758180,  0.14907120, 0.243225500 ], [ -0.13149610,  1.00000000, 0.017442680 ],
			[ -0.82750590, -0.57453560, 0.052328040 ], [ -0.99753150, -0.14907120, 0.017442680 ], [ -0.13149610,  -1.0000000, 0.017442680 ],
			[  0.82750590,	0.57453560, -0.05232804 ], [  0.99753150,  0.14907120, -0.01744268 ], [	 0.13149610,  1.00000000, -0.01744268 ],
			[  0.81253110, -0.57453560, -0.16521940 ], [  0.96758180, -0.14907120, -0.24322550 ], [	 0.13149610,  -1.0000000, -0.01744268 ],
			[ -0.84710820,	0.53934470, -0.09544872 ], [ -1.00215900,  0.11388030, -0.01744268 ], [ -0.16607320,  0.96480910, -0.24322550 ],
			[ -0.72255330, -0.68426210, -0.16521940 ], [ -0.92980720, -0.37939890, -0.09544872 ], [ -0.29239560, -0.94721360, -0.18677980 ],
			[  0.79292890,	0.53934470, -0.31299620 ], [  0.96295440,  0.11388030, -0.27811090 ], [	 0.09691900,  0.96480910, -0.27811090 ],
			[  0.65449160, -0.68426210, -0.34788160 ], [  0.87276790, -0.37939890, -0.33455660 ], [	 0.23358880, -0.94721360, -0.25655050 ],
			[ -0.74501560,	0.59213110, -0.33455660 ], [ -0.94192210,  0.30901700, -0.18677980 ], [ -0.32411270,  0.85508250, -0.42588760 ],
			[ -0.82485460, -0.48912540, -0.31299620 ], [ -0.51815940, -0.82661250, -0.25655050 ], [ -0.19030290, -0.89442720, -0.42588760 ],
			[  0.63202940,	0.59213110, -0.51721870 ], [  0.86065310,  0.30901700, -0.42588760 ], [	 0.20187160,  0.85508250, -0.49565830 ],
			[  0.71472840, -0.48912540, -0.51721870 ], [  0.43335530, -0.82661250, -0.38276690 ], [	 0.07268925, -0.89442720, -0.46077300 ],
			[ -0.83982940,	0.36180340, -0.42588760 ], [ -0.54524910,  0.71273220, -0.46077300 ], [ -0.21916010,  0.74535600, -0.64343510 ],
			[ -0.72276200, -0.43633900, -0.55210400 ], [ -0.41606670, -0.77382610, -0.49565830 ], [	 0.69975360,  0.36180340, -0.63011010 ],
			[  0.40626560,	0.71273220, -0.58698940 ], [  0.04383203,  0.74535600, -0.67832050 ], [	 0.55382890, -0.43633900, -0.72144120 ],
			[  0.27245570, -0.77382610, -0.58698940 ], [ -0.73487680,  0.25207690, -0.64343510 ], [ -0.44029650,  0.60300570, -0.67832050 ],
			[ -0.66252520, -0.24120230, -0.72144120 ], [ -0.51836800, -0.57868930, -0.64343510 ], [	 0.54171400,  0.25207690, -0.81277220 ],
			[  0.24822600,	0.60300570, -0.76965150 ], [  0.45152760, -0.24120230, -0.86921790 ], [	 0.33269260, -0.57868930, -0.75632650 ],
			[ -0.66715260,	0.02174919, -0.75632650 ], [ -0.53511040,  0.37267800, -0.76965150 ], [ -0.45813120, -0.38355260, -0.81277220 ],
			[  0.44690010,	0.02174919, -0.90410330 ], [  0.31595020,  0.37267800, -0.88254290 ], [	 0.23039130, -0.38355260, -0.90410330 ],
			[ -0.46738610,	0.14235030, -0.88254290 ], [ -0.25836470, -0.26295150, -0.93898860 ], [	 0.22113630,  0.14235030, -0.97387400 ],
			[  0.00462747, -0.26295150, -0.97387400 ], [ -0.26299220,  0.00000000, -0.97387400 ], [	 0.00000000,  0.00000000, -1.00875900 ]
		],